area_type,distance_to_power_line_m,terrain_type,connection_type,slope_level,wildfire_risk,road_access,house_size_sqft,estimated_peak_load_kw,estimated_cost_usd
urban,169.67,mountain,overhead,moderate,low,paved,2394.0,24.08,29712.67
rural,1053.78,mountain,underground,moderate,high,unpaved,4500.0,3.74,300652.52
urban,826.69,mountain,overhead,flat,low,unpaved,808.0,15.76,44878.56
urban,1964.93,forest,underground,flat,high,paved,4830.0,6.66,285969.04
rural,232.96,desert,underground,steep,high,difficult,3588.0,18.67,83865.36
rural,801.73,forest,overhead,steep,low,difficult,3378.0,6.87,69784.7
urban,1939.25,desert,underground,flat,high,unpaved,1790.0,8.18,201349.36
suburban,1732.36,mountain,overhead,flat,medium,paved,1695.0,13.88,82705.59
urban,1635.97,plain,overhead,flat,low,difficult,4745.0,23.13,38309.8
urban,523.23,forest,underground,moderate,medium,unpaved,1912.0,7.66,84759.43
urban,350.07,plain,overhead,moderate,low,unpaved,4012.0,6.17,15023.35
urban,1340.6,forest,overhead,moderate,high,paved,2330.0,19.7,64132.11
rural,1859.46,mountain,underground,flat,high,unpaved,1213.0,14.01,406308.89
urban,1117.96,forest,underground,steep,high,difficult,647.0,23.06,260160.57
suburban,1147.51,mountain,overhead,flat,low,paved,2995.0,6.23,54966.45
rural,567.16,forest,overhead,moderate,medium,difficult,4893.0,17.21,55883.58
suburban,1541.29,mountain,underground,moderate,medium,difficult,2224.0,8.12,369860.11
suburban,382.22,mountain,overhead,flat,low,difficult,2172.0,6.45,30748.21
suburban,654.12,desert,overhead,flat,low,unpaved,2114.0,18.04,27986.43
suburban,856.62,mountain,overhead,moderate,medium,unpaved,2890.0,16.06,66747.48
rural,1020.14,desert,overhead,moderate,medium,difficult,2539.0,19.61,59239.02
rural,492.4,mountain,overhead,moderate,medium,difficult,4472.0,9.81,56478.18
suburban,238.53,plain,overhead,flat,medium,paved,2824.0,12.86,17163.86
suburban,1225.13,mountain,overhead,moderate,low,paved,2834.0,11.92,71892.66
rural,584.37,plain,underground,moderate,low,unpaved,1209.0,24.65,86227.18
rural,1166.66,plain,underground,steep,high,unpaved,4924.0,9.43,209917.03
rural,317.18,mountain,underground,flat,medium,paved,1700.0,9.49,92035.73
urban,967.47,plain,underground,steep,high,difficult,923.0,10.8,136874.39
urban,1069.85,desert,underground,steep,low,unpaved,3518.0,15.42,186758.84
urban,113.13,forest,overhead,moderate,low,difficult,3220.0,8.55,20814.2
suburban,679.84,mountain,overhead,flat,high,paved,2427.0,23.14,56430.58
urban,277.49,plain,overhead,moderate,medium,unpaved,2458.0,8.85,17244.87
suburban,136.12,mountain,overhead,flat,medium,unpaved,4054.0,22.71,32944.29
suburban,1980.02,desert,underground,steep,medium,paved,1461.0,5.28,363633.57
urban,651.48,mountain,overhead,flat,medium,unpaved,4209.0,17.44,43922.26
suburban,1621.65,mountain,overhead,moderate,high,paved,3454.0,22.95,106004.22
urban,516.73,plain,underground,moderate,high,unpaved,2443.0,6.71,61443.6
urban,1366.19,desert,overhead,moderate,low,paved,2615.0,24.3,51999.47
rural,1522.85,forest,overhead,flat,medium,unpaved,1729.0,12.96,71002.86
urban,1195.32,forest,underground,steep,medium,difficult,3909.0,23.81,253159.32
rural,948.44,plain,overhead,steep,medium,difficult,2857.0,17.89,56797.5
urban,829.56,mountain,overhead,flat,high,difficult,2012.0,9.63,46767.31
urban,704.25,plain,overhead,moderate,medium,unpaved,3223.0,7.14,24125.98
rural,1859.76,plain,overhead,steep,high,unpaved,4981.0,9.68,92053.58
rural,1662.93,plain,overhead,moderate,medium,difficult,2515.0,5.05,55422.27
urban,1930.4,mountain,underground,flat,medium,difficult,4651.0,6.17,311493.15
suburban,257.35,desert,underground,moderate,low,paved,2118.0,5.3,42479.36
rural,1464.43,plain,underground,steep,medium,paved,841.0,12.3,260497.62
suburban,1877.3,mountain,underground,steep,medium,paved,1499.0,20.5,513150.4
suburban,370.65,desert,underground,moderate,low,difficult,2442.0,6.11,63554.61
suburban,142.33,plain,underground,flat,high,difficult,1566.0,5.87,29742.2
rural,1484.83,forest,overhead,moderate,high,difficult,601.0,17.16,96094.65
suburban,1153.2,desert,underground,flat,medium,paved,4626.0,7.34,143475.91
rural,1685.24,plain,underground,moderate,high,unpaved,4313.0,5.15,216811.66
suburban,288.15,desert,overhead,steep,medium,difficult,3866.0,6.67,32927.86
urban,1592.58,desert,overhead,flat,low,unpaved,1338.0,23.32,46706.17
urban,411.24,desert,underground,flat,low,unpaved,1130.0,21.07,54817.19
rural,335.68,desert,overhead,flat,medium,unpaved,897.0,10.79,24952.23
urban,336.89,desert,underground,steep,low,paved,3786.0,17.43,69710.04
urban,1631.0,desert,overhead,moderate,low,unpaved,4687.0,14.82,54208.63
suburban,1333.74,plain,underground,steep,medium,difficult,2494.0,17.9,212641.69
rural,1050.9,forest,overhead,flat,medium,paved,1124.0,18.02,52204.76
suburban,724.07,mountain,overhead,moderate,low,difficult,2855.0,16.83,56555.23
suburban,1755.63,desert,underground,steep,high,difficult,2135.0,8.85,336709.51
suburban,790.97,mountain,underground,flat,high,paved,2249.0,3.86,156102.48
suburban,1635.03,plain,underground,flat,medium,difficult,3334.0,13.02,167036.42
suburban,883.88,desert,underground,steep,medium,difficult,3762.0,22.6,183479.66
suburban,760.12,forest,underground,steep,high,paved,1087.0,15.53,192996.9
suburban,930.73,mountain,overhead,steep,low,difficult,757.0,21.31,88496.34
rural,609.74,desert,underground,flat,high,unpaved,4975.0,24.82,108688.98
urban,1497.74,plain,underground,steep,high,difficult,1624.0,6.6,196536.89
suburban,1010.41,forest,overhead,flat,high,unpaved,837.0,18.22,54401.63
suburban,472.1,mountain,overhead,steep,high,difficult,1435.0,17.83,65370.96
suburban,1800.15,mountain,underground,flat,medium,paved,771.0,24.56,344472.08
suburban,773.94,desert,overhead,flat,medium,paved,2324.0,24.68,33460.9
suburban,1091.67,forest,overhead,moderate,low,difficult,4131.0,18.11,59617.82
suburban,1813.88,forest,underground,steep,low,paved,2101.0,8.36,410887.92
urban,1252.23,forest,overhead,steep,low,difficult,2554.0,20.57,83816.0
urban,242.63,forest,overhead,flat,low,paved,3573.0,5.35,14773.75
suburban,1880.27,plain,underground,flat,high,unpaved,2839.0,20.18,162416.33
urban,1259.14,forest,underground,flat,medium,difficult,4390.0,23.02,158538.97
rural,676.46,mountain,overhead,moderate,medium,unpaved,4411.0,11.42,61997.99
suburban,287.15,mountain,overhead,moderate,low,unpaved,644.0,16.87,37065.13
rural,1590.11,plain,underground,flat,low,difficult,4023.0,12.46,186341.47
rural,1243.94,mountain,overhead,steep,high,unpaved,2627.0,12.63,124859.99
suburban,1071.59,mountain,overhead,steep,high,difficult,4951.0,9.83,100539.11
urban,1788.85,forest,overhead,moderate,low,unpaved,2726.0,19.77,69597.81
rural,1579.31,mountain,underground,moderate,medium,difficult,4942.0,23.6,461068.72
suburban,311.83,plain,overhead,flat,medium,difficult,3920.0,23.7,23845.75
rural,630.33,forest,overhead,steep,medium,paved,1694.0,6.85,52841.02
rural,504.49,desert,underground,flat,low,difficult,2969.0,22.24,84099.9
rural,1490.45,forest,overhead,moderate,medium,difficult,4965.0,19.22,91863.59
rural,76.73,plain,overhead,steep,high,unpaved,4373.0,8.56,25679.09
urban,1144.08,forest,underground,steep,high,difficult,1028.0,4.48,244183.68
rural,1527.29,forest,underground,moderate,low,paved,3708.0,8.9,325999.52
rural,1754.76,plain,underground,flat,high,unpaved,2121.0,23.07,198066.65
rural,690.74,forest,underground,flat,low,unpaved,631.0,16.93,134663.82
urban,1644.3,plain,overhead,steep,medium,paved,2375.0,18.86,52737.13
rural,230.16,plain,overhead,moderate,medium,unpaved,1633.0,8.66,21384.3
rural,1694.44,desert,underground,steep,medium,unpaved,4203.0,18.83,395257.07
urban,263.7,mountain,underground,moderate,high,unpaved,2084.0,3.62,65180.79
urban,800.6,mountain,overhead,flat,low,unpaved,4241.0,11.26,43601.94
urban,1596.62,forest,underground,moderate,medium,paved,603.0,16.79,232731.66
rural,308.34,forest,overhead,flat,low,paved,1954.0,6.21,20981.9
urban,466.21,desert,underground,moderate,medium,unpaved,1661.0,21.11,69882.37
urban,1447.28,desert,overhead,steep,high,unpaved,1628.0,8.17,65584.25
rural,1442.87,desert,underground,flat,high,paved,900.0,17.35,224068.94
urban,1285.88,plain,underground,steep,low,paved,1423.0,11.91,171658.78
rural,1390.96,desert,overhead,steep,high,paved,3044.0,16.11,103934.46
suburban,1090.02,desert,underground,flat,high,unpaved,1882.0,5.36,122967.4
urban,511.08,forest,overhead,flat,low,unpaved,2437.0,3.37,22054.22
suburban,697.94,desert,overhead,steep,medium,difficult,2258.0,23.01,55275.39
rural,371.38,plain,overhead,steep,high,paved,4454.0,8.93,33418.11
urban,1817.82,plain,overhead,steep,low,unpaved,4583.0,21.03,60383.99
rural,1170.95,forest,overhead,steep,high,paved,2769.0,24.99,104000.81
suburban,807.69,desert,underground,flat,high,unpaved,2053.0,7.65,117102.68
rural,929.39,desert,underground,flat,high,paved,1070.0,8.83,150773.32
urban,1895.09,plain,overhead,steep,high,unpaved,4795.0,17.58,69700.28
urban,315.17,desert,underground,moderate,low,difficult,865.0,24.24,61738.13
suburban,1176.6,desert,overhead,moderate,low,difficult,1910.0,23.15,50801.05
rural,1016.72,desert,underground,flat,low,paved,1911.0,14.06,142704.69
urban,1226.79,mountain,underground,steep,high,unpaved,2010.0,20.49,296922.32
suburban,46.04,forest,underground,steep,high,unpaved,1323.0,5.99,32276.46
urban,1745.53,mountain,underground,flat,high,paved,4046.0,24.5,293911.32
urban,1864.92,forest,overhead,moderate,low,unpaved,1139.0,24.22,75875.57
rural,1134.62,plain,overhead,moderate,high,paved,3394.0,6.6,45997.44
urban,1396.34,desert,underground,moderate,medium,unpaved,1145.0,9.59,164614.88
rural,1845.77,forest,underground,flat,high,paved,910.0,5.2,340924.04
urban,1417.4,mountain,overhead,moderate,medium,unpaved,4601.0,8.98,71841.9
suburban,313.55,desert,underground,flat,high,paved,1437.0,20.95,58837.21
urban,1156.81,plain,overhead,flat,low,unpaved,4214.0,11.32,24766.94
rural,1217.36,forest,overhead,steep,high,difficult,2996.0,4.94,95984.18
rural,854.02,forest,overhead,moderate,medium,unpaved,943.0,10.53,52166.26
suburban,1475.52,forest,underground,flat,medium,paved,4804.0,24.59,223096.32
urban,1869.39,desert,overhead,moderate,high,difficult,1687.0,16.85,70488.59
urban,1851.88,mountain,underground,moderate,medium,unpaved,4382.0,12.16,357100.96
suburban,907.17,mountain,overhead,steep,medium,difficult,1343.0,6.66,72902.09
urban,235.34,forest,underground,moderate,low,unpaved,4357.0,24.7,57571.05
urban,1969.83,plain,underground,steep,high,difficult,658.0,21.06,242968.67
rural,1679.41,plain,underground,flat,high,paved,2852.0,9.19,203914.51
urban,258.08,mountain,overhead,moderate,high,unpaved,3986.0,4.54,29942.97
urban,1842.48,plain,overhead,flat,medium,unpaved,4713.0,4.25,40407.61
suburban,1741.09,mountain,underground,moderate,high,paved,4600.0,5.65,372589.24
suburban,1042.49,forest,underground,flat,high,difficult,4206.0,15.78,167200.56
rural,1186.64,mountain,underground,moderate,low,paved,4508.0,23.43,322187.45
urban,804.02,mountain,overhead,moderate,low,paved,1477.0,13.93,48966.37
urban,118.98,forest,overhead,moderate,low,difficult,1850.0,21.54,26063.01
urban,677.04,plain,overhead,moderate,medium,paved,1871.0,12.81,24602.08
rural,1607.68,mountain,overhead,moderate,high,unpaved,2259.0,18.59,117189.4
rural,19.22,mountain,underground,moderate,low,unpaved,2331.0,19.1,33202.24
suburban,673.66,forest,underground,moderate,low,unpaved,2996.0,6.83,122118.5
rural,802.36,plain,overhead,moderate,low,paved,1303.0,10.95,29575.4
urban,1079.42,mountain,overhead,moderate,high,unpaved,3641.0,17.02,68750.97
urban,1840.51,forest,underground,flat,high,unpaved,1337.0,4.56,222909.4
rural,699.23,mountain,overhead,steep,high,unpaved,1965.0,10.95,88551.25
urban,700.44,desert,overhead,moderate,medium,unpaved,2815.0,14.77,33235.84
urban,1477.63,forest,overhead,steep,medium,unpaved,4104.0,24.92,88813.56
rural,909.91,plain,overhead,moderate,low,unpaved,3854.0,13.44,39422.07
rural,456.96,plain,overhead,moderate,high,paved,3440.0,20.95,37563.23
urban,910.35,plain,overhead,flat,low,unpaved,1285.0,12.51,22527.0
urban,290.31,plain,underground,flat,high,unpaved,3007.0,20.52,39354.23
urban,361.01,mountain,overhead,steep,high,difficult,985.0,16.1,49552.96
suburban,1001.75,mountain,overhead,flat,high,paved,2260.0,22.51,62885.41
suburban,843.66,plain,underground,flat,medium,paved,2419.0,12.04,81484.86
suburban,1830.54,plain,underground,steep,medium,paved,775.0,16.29,271462.61
rural,731.16,plain,underground,flat,high,paved,1806.0,16.86,94300.4
suburban,1165.37,mountain,overhead,moderate,low,unpaved,4805.0,12.18,72941.34
rural,1268.21,plain,underground,steep,high,unpaved,4796.0,6.17,227628.87
rural,36.06,plain,overhead,steep,high,difficult,2150.0,5.06,23837.67
suburban,1330.44,desert,overhead,moderate,low,difficult,790.0,3.37,50726.06
suburban,364.29,desert,overhead,flat,high,paved,1388.0,22.22,30831.0
suburban,1922.53,plain,underground,steep,low,difficult,2326.0,8.2,280176.17
urban,305.84,forest,underground,steep,medium,difficult,4770.0,7.65,79205.94
suburban,835.1,plain,underground,moderate,medium,paved,1221.0,19.19,98411.76
urban,179.85,desert,underground,moderate,low,paved,3959.0,10.04,31022.57
rural,1993.78,forest,underground,flat,medium,difficult,1078.0,14.13,349008.2
urban,1009.37,forest,overhead,steep,medium,unpaved,4918.0,6.58,60137.76
suburban,1194.82,plain,overhead,flat,low,difficult,2279.0,24.11,37597.8
rural,143.48,desert,overhead,flat,medium,difficult,4011.0,21.73,28208.26
rural,1502.42,desert,overhead,moderate,high,unpaved,2107.0,22.0,86791.47
rural,427.71,forest,underground,steep,high,unpaved,3362.0,11.95,151129.21
urban,1797.13,plain,underground,steep,low,paved,1445.0,19.77,214441.47
suburban,418.23,mountain,overhead,steep,medium,paved,1242.0,6.17,43080.63
rural,389.47,mountain,underground,moderate,high,difficult,4727.0,3.19,125999.68
rural,82.73,desert,underground,moderate,high,unpaved,4638.0,3.44,36003.71
rural,949.41,mountain,overhead,moderate,medium,paved,4505.0,15.91,74354.07
urban,1134.03,desert,overhead,moderate,medium,difficult,3352.0,13.02,48229.26
urban,140.76,desert,underground,moderate,high,unpaved,4156.0,14.4,41156.15
suburban,1553.3,desert,underground,steep,high,difficult,904.0,3.16,290628.8
urban,912.04,mountain,overhead,flat,low,paved,2073.0,12.3,41197.65
rural,1053.54,desert,overhead,steep,low,paved,1980.0,18.8,68426.8
suburban,887.12,forest,overhead,flat,high,unpaved,3397.0,12.74,46754.42
rural,807.52,plain,underground,moderate,low,difficult,2166.0,19.11,121778.08
rural,1123.68,plain,overhead,flat,high,unpaved,1253.0,8.13,41667.6
urban,318.93,desert,overhead,steep,high,paved,3224.0,20.89,39900.09
suburban,372.04,plain,underground,steep,low,paved,4183.0,15.95,65220.31
urban,1724.95,mountain,underground,flat,low,difficult,2281.0,7.64,247918.4
urban,1892.77,mountain,underground,moderate,medium,difficult,1182.0,8.21,361015.31
suburban,752.89,plain,underground,moderate,medium,difficult,1465.0,16.82,98178.58
rural,548.78,mountain,underground,steep,medium,unpaved,1645.0,21.26,234108.41
rural,1291.56,plain,overhead,flat,high,difficult,1920.0,12.14,48084.48
suburban,823.38,plain,overhead,moderate,low,difficult,3428.0,8.68,31186.06
rural,60.52,plain,underground,moderate,high,paved,3244.0,22.07,34868.88
suburban,320.74,desert,underground,steep,low,paved,3663.0,17.72,80780.42
suburban,1434.78,plain,underground,moderate,high,difficult,2195.0,12.86,167376.78
urban,1321.26,desert,underground,flat,medium,difficult,4226.0,13.73,143510.45
suburban,63.92,plain,underground,steep,medium,paved,1498.0,7.49,21542.07
urban,451.72,plain,overhead,steep,medium,difficult,2664.0,16.79,34653.74
rural,469.84,plain,overhead,flat,high,unpaved,4124.0,10.89,28935.81
rural,1347.07,mountain,overhead,steep,low,unpaved,1393.0,24.9,139492.26
rural,49.22,desert,overhead,moderate,low,unpaved,1083.0,13.56,18632.98
rural,217.18,desert,underground,moderate,medium,difficult,4488.0,13.69,63654.47
urban,1601.83,plain,overhead,flat,medium,paved,2109.0,15.45,38667.5
rural,365.3,plain,underground,moderate,medium,difficult,3609.0,23.17,73161.86
suburban,1308.96,mountain,underground,flat,medium,difficult,712.0,20.62,255330.97
suburban,483.98,mountain,underground,flat,low,paved,3636.0,12.92,101309.43
suburban,207.89,mountain,overhead,moderate,high,paved,1991.0,18.81,35634.63
urban,493.91,desert,underground,flat,high,paved,845.0,15.9,68126.05
rural,1447.31,desert,overhead,moderate,high,unpaved,3283.0,13.83,73661.13
rural,1712.84,desert,overhead,steep,high,difficult,1660.0,7.23,104388.21
rural,1662.14,plain,underground,steep,medium,paved,2302.0,13.21,287866.88
urban,800.4,desert,underground,flat,medium,difficult,955.0,8.41,90913.08
suburban,1339.49,forest,underground,moderate,medium,unpaved,1248.0,23.13,243281.57
suburban,417.92,forest,overhead,moderate,high,unpaved,1911.0,10.38,38675.62
rural,593.36,mountain,underground,steep,medium,paved,995.0,23.95,243299.76
suburban,1793.71,desert,overhead,steep,medium,paved,4608.0,14.73,95956.14
suburban,35.87,forest,underground,moderate,low,difficult,627.0,16.89,29184.04
urban,180.16,mountain,underground,flat,low,paved,2729.0,14.94,40590.2
urban,423.69,desert,overhead,steep,medium,difficult,1142.0,5.85,30481.34
urban,62.8,plain,overhead,flat,low,paved,1954.0,11.27,8028.88
urban,371.06,forest,overhead,flat,low,difficult,4675.0,5.18,20502.88
rural,1170.25,plain,overhead,steep,medium,difficult,1311.0,16.7,70114.01
urban,848.63,desert,overhead,flat,medium,difficult,4850.0,12.83,36103.58
suburban,1786.42,forest,overhead,flat,medium,difficult,1505.0,20.12,75646.08
rural,1636.71,desert,underground,moderate,medium,unpaved,3863.0,7.85,288083.49
suburban,690.22,plain,underground,flat,high,difficult,3005.0,6.62,72859.54
suburban,526.25,forest,overhead,moderate,high,paved,4492.0,11.94,40211.5
suburban,765.59,plain,underground,steep,medium,unpaved,3038.0,23.38,135053.04
urban,1184.69,desert,overhead,steep,low,unpaved,2952.0,18.63,54764.75
urban,543.45,desert,underground,moderate,medium,difficult,1460.0,12.22,71366.9
rural,1252.06,plain,underground,steep,medium,unpaved,1331.0,14.38,228766.96
rural,824.73,forest,overhead,flat,low,difficult,4633.0,4.85,44192.71
urban,1108.57,plain,overhead,flat,high,paved,2042.0,24.66,35285.61
suburban,877.89,desert,overhead,flat,medium,difficult,2237.0,17.66,41675.98
rural,595.99,plain,underground,steep,medium,unpaved,3943.0,9.28,122848.26
urban,1897.42,desert,overhead,flat,high,paved,2091.0,15.89,55854.82
urban,1529.58,plain,underground,steep,high,difficult,4789.0,5.41,217084.35
urban,288.83,forest,overhead,flat,low,paved,3847.0,24.25,23373.4
suburban,1738.25,forest,underground,moderate,high,paved,3229.0,6.85,315388.21
urban,979.99,plain,underground,steep,high,unpaved,4476.0,17.26,145849.98
urban,1790.16,plain,overhead,steep,high,paved,818.0,8.4,55535.54
urban,1601.71,forest,underground,flat,low,unpaved,1731.0,18.79,192729.38
urban,856.17,desert,underground,steep,high,paved,2646.0,20.09,154670.32
rural,54.71,forest,overhead,steep,high,difficult,1599.0,17.82,43654.36
rural,544.67,desert,underground,moderate,low,paved,3873.0,16.52,112616.81
urban,1087.85,plain,overhead,moderate,high,difficult,4645.0,22.63,43764.57
suburban,1270.62,plain,overhead,flat,high,difficult,2465.0,4.73,38031.06
rural,523.2,desert,overhead,moderate,low,paved,2105.0,10.28,30517.43
urban,287.32,plain,overhead,flat,medium,difficult,4831.0,8.46,20341.35
rural,1671.51,desert,underground,flat,low,paved,2557.0,24.74,248567.98
rural,1968.96,mountain,underground,flat,high,paved,2752.0,11.57,436030.22
suburban,1056.12,forest,underground,steep,high,difficult,2147.0,19.12,269989.02
urban,351.64,mountain,overhead,moderate,high,difficult,4602.0,18.06,49680.93
urban,551.89,desert,underground,flat,low,unpaved,3103.0,7.67,61362.77
suburban,46.6,forest,underground,moderate,high,difficult,3954.0,8.26,35476.88
suburban,1829.45,desert,overhead,flat,high,unpaved,4172.0,9.19,60851.21
urban,244.32,forest,overhead,moderate,low,difficult,2104.0,12.04,25083.6
urban,1157.27,forest,underground,moderate,medium,paved,2508.0,8.16,203473.46
suburban,555.37,forest,overhead,flat,medium,difficult,4333.0,3.43,30225.25
rural,1112.81,forest,overhead,steep,high,paved,2198.0,22.35,100886.94
rural,1306.33,desert,overhead,moderate,low,paved,4093.0,24.24,63132.41
suburban,1661.19,forest,overhead,steep,high,paved,4740.0,10.51,105649.24
rural,420.78,forest,underground,steep,low,unpaved,3342.0,10.45,149938.51
suburban,31.88,mountain,overhead,flat,low,difficult,3863.0,3.16,17995.95
rural,282.4,plain,overhead,flat,medium,paved,4142.0,17.97,23608.65
rural,1801.04,plain,overhead,flat,medium,paved,4318.0,21.16,55018.86
urban,1749.04,mountain,overhead,moderate,low,unpaved,2338.0,6.23,75904.91
urban,1198.85,mountain,overhead,flat,high,difficult,826.0,6.51,52957.43
rural,1205.03,desert,overhead,flat,medium,difficult,2368.0,20.38,63540.32
rural,1333.42,desert,overhead,moderate,high,unpaved,3565.0,16.56,73039.72
urban,358.99,desert,overhead,moderate,medium,unpaved,2582.0,3.99,19739.21
urban,1829.68,mountain,underground,flat,medium,difficult,3895.0,16.7,319299.47
urban,843.35,mountain,overhead,flat,high,unpaved,2171.0,9.8,44489.17
suburban,772.45,forest,underground,flat,medium,difficult,3393.0,11.11,129528.73
rural,1042.65,desert,overhead,flat,medium,difficult,1420.0,19.93,52065.07
urban,103.46,desert,overhead,steep,high,paved,3897.0,20.84,32424.55
rural,340.9,desert,overhead,steep,medium,paved,3001.0,11.81,37821.94
suburban,1478.69,plain,overhead,flat,medium,difficult,1498.0,23.84,41670.66
suburban,174.77,forest,underground,steep,medium,difficult,1884.0,11.94,66159.67
urban,1210.27,desert,overhead,moderate,high,difficult,3894.0,19.98,58724.38
suburban,498.24,desert,overhead,steep,low,difficult,2723.0,13.65,40647.15
rural,784.7,desert,underground,steep,high,difficult,1551.0,22.75,220486.32
urban,584.5,plain,underground,flat,low,difficult,4856.0,22.97,57485.84
rural,717.79,plain,overhead,steep,medium,unpaved,3747.0,4.92,39966.8
rural,1440.9,mountain,underground,steep,low,difficult,4811.0,23.6,519467.32
suburban,601.27,forest,underground,steep,high,unpaved,2479.0,21.16,176372.79
suburban,1137.15,mountain,underground,steep,high,unpaved,2690.0,20.41,357831.21
suburban,957.34,forest,overhead,moderate,medium,difficult,4551.0,7.42,54333.84
suburban,1330.71,plain,overhead,flat,low,difficult,2910.0,20.71,41654.17
suburban,1874.29,desert,overhead,flat,medium,unpaved,3712.0,21.7,64253.43
urban,1467.82,mountain,underground,moderate,medium,unpaved,1710.0,9.36,286866.9
rural,437.73,desert,overhead,steep,high,difficult,2566.0,23.95,58488.81
rural,72.05,mountain,underground,moderate,low,difficult,1143.0,4.1,37433.79
rural,531.91,plain,overhead,steep,low,unpaved,1506.0,6.3,30249.08
rural,1194.21,plain,overhead,moderate,low,unpaved,604.0,14.83,43644.77
suburban,112.34,plain,underground,flat,low,unpaved,773.0,15.67,20048.15
rural,997.77,mountain,overhead,flat,medium,paved,4900.0,17.19,66283.71
urban,1197.72,forest,underground,flat,medium,unpaved,1666.0,3.37,139811.18
urban,675.15,mountain,underground,steep,high,paved,3519.0,24.13,196756.85
rural,1544.12,forest,overhead,steep,medium,difficult,4292.0,3.98,108226.38
rural,222.13,mountain,underground,moderate,medium,difficult,3023.0,6.15,75320.62
urban,159.52,mountain,overhead,moderate,high,unpaved,1274.0,3.31,24480.96
urban,1459.1,plain,overhead,flat,high,difficult,3804.0,15.47,47008.44
suburban,996.03,desert,underground,steep,high,difficult,3241.0,23.51,226896.18
urban,1379.92,desert,overhead,moderate,medium,difficult,3818.0,17.65,58588.51
suburban,875.31,forest,underground,steep,medium,difficult,3987.0,21.1,234219.9
suburban,500.34,desert,overhead,steep,high,paved,4892.0,3.29,39092.77
suburban,1640.01,mountain,overhead,flat,high,paved,3124.0,14.92,79359.53
suburban,1600.84,mountain,overhead,flat,high,unpaved,2103.0,13.11,78125.9
suburban,1392.45,plain,overhead,steep,medium,unpaved,3453.0,13.98,49533.14
rural,551.57,plain,overhead,steep,medium,unpaved,901.0,4.59,34731.38
urban,1184.56,desert,underground,steep,low,difficult,4549.0,18.06,225175.45
suburban,728.34,forest,underground,steep,medium,difficult,1125.0,14.07,184393.85
urban,192.25,desert,underground,flat,medium,paved,2043.0,19.83,33469.99
urban,1835.45,desert,underground,moderate,medium,paved,4189.0,13.68,221737.94
suburban,282.27,desert,underground,flat,high,unpaved,3228.0,6.29,50006.76
rural,1900.97,desert,underground,moderate,medium,paved,2332.0,17.26,351632.0
suburban,897.55,mountain,overhead,steep,high,paved,2683.0,6.79,69765.73
rural,378.41,forest,overhead,moderate,low,paved,4360.0,22.19,44286.29
urban,1088.38,mountain,underground,flat,low,paved,2096.0,16.49,177705.78
rural,1747.16,forest,underground,flat,high,paved,4426.0,6.46,315575.72
rural,1467.13,plain,overhead,steep,high,unpaved,988.0,24.17,83117.31
rural,1615.06,desert,overhead,flat,high,unpaved,4018.0,14.4,67285.43
urban,1320.98,mountain,overhead,steep,medium,paved,4329.0,4.6,81666.03
urban,1387.63,forest,underground,flat,low,unpaved,1400.0,16.79,179633.28
rural,1699.9,plain,underground,flat,high,difficult,2494.0,8.57,208692.13
rural,506.84,plain,underground,steep,medium,paved,1328.0,20.68,111211.71
suburban,983.96,desert,overhead,moderate,low,difficult,3709.0,20.99,50058.8
rural,450.21,forest,overhead,flat,medium,unpaved,2956.0,24.54,41029.23
suburban,1975.46,mountain,underground,moderate,low,unpaved,3395.0,14.04,423846.08
rural,1888.68,desert,underground,flat,medium,difficult,1465.0,13.01,290595.76
suburban,88.46,mountain,overhead,flat,low,unpaved,1532.0,19.58,25773.94
urban,1414.09,plain,overhead,flat,low,paved,783.0,5.91,27246.84
rural,1851.24,mountain,overhead,flat,medium,difficult,2017.0,15.03,116219.9
rural,369.34,mountain,overhead,moderate,high,paved,3063.0,15.02,55083.29
rural,1140.21,desert,underground,moderate,low,difficult,4375.0,4.97,204208.1
rural,1831.82,mountain,overhead,flat,high,unpaved,3534.0,12.2,103143.74
suburban,77.55,desert,overhead,flat,medium,difficult,2516.0,21.77,21151.07
rural,1397.87,plain,overhead,moderate,high,difficult,4794.0,21.84,64619.46
urban,601.72,desert,underground,steep,high,paved,3765.0,5.18,110396.35
urban,1849.55,desert,underground,steep,high,unpaved,4693.0,5.0,314759.29
rural,1942.41,forest,overhead,moderate,high,paved,2921.0,8.78,101137.81
urban,1889.09,mountain,overhead,flat,high,unpaved,1739.0,22.24,84021.34
rural,953.69,plain,overhead,flat,low,paved,832.0,5.84,24684.08
rural,1725.46,desert,underground,steep,low,difficult,3795.0,18.84,389237.76
urban,1690.65,plain,underground,steep,low,paved,1134.0,5.23,215776.37
rural,645.01,forest,underground,moderate,medium,unpaved,1932.0,16.71,169968.53
urban,1659.54,mountain,overhead,steep,high,unpaved,2943.0,10.83,109095.0
suburban,83.65,desert,underground,moderate,low,difficult,3083.0,20.36,34185.11
rural,1196.58,mountain,overhead,steep,medium,unpaved,3243.0,8.14,115671.32
suburban,467.72,forest,overhead,steep,low,paved,1332.0,17.06,43388.22
urban,249.93,forest,overhead,steep,low,difficult,2271.0,8.19,29734.28
suburban,163.14,plain,underground,flat,high,unpaved,3316.0,18.7,32866.42
suburban,1395.61,desert,overhead,flat,medium,unpaved,4867.0,22.22,54437.73
urban,686.35,plain,underground,flat,high,paved,3802.0,5.79,65606.94
suburban,1452.29,forest,underground,steep,high,paved,4659.0,22.07,363661.33
suburban,140.06,mountain,overhead,moderate,low,difficult,3954.0,16.06,32527.26
urban,637.43,plain,overhead,moderate,high,unpaved,3204.0,5.8,28225.95
suburban,1083.59,plain,underground,moderate,medium,paved,1445.0,12.41,137642.78
urban,1583.54,mountain,overhead,moderate,high,difficult,3533.0,6.54,78040.53
suburban,644.32,plain,underground,flat,high,unpaved,3343.0,18.41,74261.11
urban,1255.52,mountain,overhead,flat,high,unpaved,3251.0,19.7,66367.97
urban,1773.1,desert,underground,steep,low,difficult,2755.0,5.33,303528.13
suburban,1235.57,mountain,underground,steep,medium,difficult,2926.0,14.14,365601.9
suburban,473.59,desert,underground,moderate,low,paved,2072.0,20.92,69868.97
suburban,58.56,mountain,underground,flat,low,unpaved,2885.0,23.6,38686.43
rural,1741.5,forest,overhead,moderate,low,unpaved,1469.0,14.3,95545.24
rural,52.33,forest,overhead,steep,low,unpaved,4143.0,23.91,39106.9
rural,1750.66,desert,underground,steep,low,difficult,1417.0,14.79,396773.37
urban,1062.58,desert,underground,moderate,medium,paved,974.0,11.67,148229.43
suburban,1878.74,forest,overhead,steep,high,unpaved,2519.0,21.66,129424.19
urban,1599.58,desert,overhead,moderate,low,difficult,3497.0,13.85,57411.83
rural,1995.89,mountain,overhead,flat,low,unpaved,2526.0,13.38,105295.64
suburban,707.92,mountain,overhead,moderate,medium,paved,1818.0,13.79,52629.61
urban,1536.7,forest,overhead,flat,medium,unpaved,3056.0,21.63,57213.93
suburban,809.84,plain,overhead,flat,high,paved,2127.0,21.3,34684.78
urban,964.95,mountain,underground,steep,medium,paved,4705.0,11.88,246169.26
suburban,1258.74,desert,overhead,steep,high,unpaved,4660.0,10.33,67740.11
rural,1748.62,plain,overhead,steep,low,unpaved,2810.0,13.82,81590.7
rural,1968.33,plain,underground,moderate,low,paved,2043.0,15.6,261352.35
suburban,1538.86,mountain,overhead,moderate,high,difficult,3843.0,8.24,98593.45
urban,841.36,mountain,overhead,steep,medium,paved,762.0,20.47,70079.47
rural,848.5,plain,overhead,moderate,high,unpaved,2689.0,13.7,43054.58
rural,1477.79,plain,overhead,steep,medium,unpaved,2080.0,10.35,65214.96
rural,485.17,forest,overhead,moderate,low,difficult,4650.0,5.35,38779.65
suburban,229.84,desert,underground,flat,medium,paved,653.0,8.25,34065.39
suburban,715.7,forest,overhead,flat,high,paved,3032.0,23.88,45828.24
urban,581.61,mountain,underground,steep,high,paved,3859.0,9.71,155414.3
urban,599.65,forest,underground,moderate,low,unpaved,2734.0,6.71,102274.42
urban,474.88,forest,overhead,moderate,medium,paved,976.0,13.13,31064.59
suburban,93.77,forest,underground,flat,medium,difficult,4879.0,9.76,30404.79
suburban,45.57,forest,overhead,flat,medium,unpaved,2879.0,3.77,15254.05
urban,1975.57,desert,underground,steep,low,unpaved,3302.0,10.11,364332.01
urban,861.27,desert,underground,flat,medium,paved,1641.0,14.97,97255.88
suburban,774.81,plain,overhead,steep,high,difficult,2727.0,15.14,46581.78
urban,1362.5,mountain,overhead,flat,medium,unpaved,2488.0,10.84,66904.56
rural,444.33,forest,overhead,flat,low,unpaved,930.0,12.84,30116.65
suburban,1900.42,plain,overhead,moderate,medium,paved,1067.0,24.24,56605.09
urban,1574.83,plain,overhead,flat,medium,paved,4285.0,11.3,34966.58
suburban,187.93,plain,underground,flat,high,difficult,1655.0,8.68,37334.08
rural,840.99,desert,underground,steep,medium,paved,1458.0,8.36,206586.44
suburban,1759.45,forest,underground,flat,high,difficult,2822.0,13.07,261756.47
suburban,1890.02,forest,underground,steep,high,unpaved,3982.0,19.71,432452.23
suburban,940.13,mountain,underground,flat,low,difficult,873.0,7.53,176142.62
suburban,1230.69,forest,underground,flat,high,difficult,3138.0,18.6,188690.2
rural,342.4,forest,underground,steep,high,difficult,1125.0,3.47,118860.16
suburban,1982.43,plain,overhead,moderate,low,unpaved,760.0,12.22,50643.94
suburban,471.03,mountain,overhead,steep,high,paved,832.0,20.07,61636.81
urban,1886.04,forest,underground,steep,low,unpaved,4270.0,10.45,405400.83
suburban,1302.8,desert,underground,steep,medium,paved,1119.0,15.4,248664.35
urban,1219.4,forest,overhead,moderate,low,difficult,799.0,7.51,46926.54
rural,1030.25,plain,overhead,flat,high,difficult,2527.0,19.32,46321.66
rural,469.03,desert,overhead,steep,low,difficult,4314.0,4.15,39640.76
rural,361.29,plain,overhead,steep,high,difficult,1755.0,21.76,41852.3
rural,448.77,forest,underground,moderate,medium,difficult,2456.0,7.36,114567.48
urban,381.01,desert,overhead,steep,low,paved,776.0,22.24,30695.21
suburban,1561.37,mountain,underground,flat,medium,paved,2576.0,10.76,312037.67
rural,706.75,mountain,underground,moderate,high,difficult,3141.0,18.9,226073.27
suburban,125.11,desert,underground,flat,high,unpaved,3112.0,10.02,32402.79
urban,1938.51,desert,overhead,flat,medium,unpaved,2063.0,22.93,53600.72
urban,1768.73,plain,overhead,moderate,low,difficult,1988.0,5.79,42788.59
urban,1856.23,desert,underground,steep,low,paved,1069.0,6.93,309881.06
rural,1989.87,plain,underground,flat,high,unpaved,2214.0,13.85,228267.2
suburban,356.05,forest,underground,flat,medium,unpaved,1038.0,4.8,61153.77
suburban,798.52,plain,overhead,flat,medium,unpaved,3973.0,7.31,25808.6
suburban,1518.89,desert,underground,flat,low,difficult,4852.0,23.76,186566.15
urban,1395.08,desert,overhead,moderate,low,unpaved,4868.0,24.48,51812.36
rural,316.25,forest,underground,moderate,low,unpaved,4406.0,11.28,75793.29
urban,1633.51,desert,underground,flat,medium,unpaved,3243.0,23.31,186540.91
urban,456.64,desert,underground,steep,low,unpaved,3684.0,14.99,91515.7
suburban,455.4,mountain,overhead,flat,low,paved,1855.0,8.93,28554.63
urban,1078.58,mountain,overhead,steep,high,difficult,3375.0,18.45,101034.36
suburban,1189.95,forest,underground,flat,low,difficult,2605.0,17.5,185999.04
rural,1164.37,plain,overhead,steep,low,paved,2721.0,24.76,60535.05
suburban,192.06,mountain,underground,flat,medium,paved,3934.0,8.83,52757.82
rural,1756.15,plain,overhead,steep,medium,difficult,1840.0,17.79,87302.11
suburban,538.54,desert,overhead,flat,high,unpaved,1999.0,4.14,28471.2
urban,267.73,mountain,overhead,flat,low,unpaved,4668.0,5.5,20715.8
urban,1778.61,forest,underground,steep,high,difficult,847.0,3.09,371653.78
rural,1911.75,forest,overhead,moderate,medium,unpaved,2737.0,24.99,109216.08
rural,1725.63,forest,overhead,steep,high,paved,4616.0,20.65,138786.67
rural,1620.94,mountain,underground,moderate,medium,unpaved,3286.0,20.31,402315.77
suburban,1313.93,plain,underground,flat,high,unpaved,3004.0,14.21,128825.83
suburban,1106.21,desert,underground,steep,high,unpaved,1699.0,9.6,240973.47
rural,183.1,plain,underground,steep,low,difficult,2110.0,6.33,45475.22
urban,822.82,plain,overhead,steep,high,paved,4349.0,9.26,37016.02
suburban,751.65,desert,overhead,moderate,low,unpaved,3061.0,11.27,33928.1
suburban,526.91,desert,overhead,moderate,low,difficult,2865.0,19.64,33872.71
suburban,1449.61,mountain,overhead,flat,low,unpaved,1038.0,14.87,61552.72
rural,996.79,mountain,overhead,moderate,low,paved,671.0,4.7,64641.92
rural,171.28,mountain,underground,moderate,high,unpaved,4840.0,3.4,68046.09
rural,448.16,mountain,overhead,flat,medium,paved,2259.0,5.25,35170.8
rural,1369.68,mountain,overhead,steep,medium,unpaved,3254.0,12.03,126357.52
rural,161.5,desert,overhead,steep,medium,paved,951.0,23.53,39406.35
urban,1703.9,plain,underground,flat,high,unpaved,3606.0,17.02,153679.43
urban,995.34,mountain,underground,steep,low,paved,4703.0,20.64,268071.0
rural,966.37,mountain,overhead,moderate,medium,unpaved,3133.0,13.26,75486.88
suburban,1188.89,plain,underground,flat,high,unpaved,1155.0,10.96,117178.81
rural,1651.12,mountain,underground,flat,low,difficult,3160.0,5.38,376331.64
urban,702.14,plain,underground,flat,medium,difficult,3972.0,22.27,76363.47
urban,1359.25,plain,underground,steep,low,paved,2388.0,20.23,173198.48
suburban,1135.81,desert,underground,flat,medium,unpaved,4471.0,6.7,141775.15
urban,541.39,forest,underground,flat,medium,paved,3454.0,14.27,82210.62
rural,1758.47,desert,underground,flat,medium,difficult,4557.0,13.72,249246.56
suburban,1596.88,forest,overhead,steep,low,paved,3343.0,16.75,95915.03
rural,1320.32,forest,overhead,moderate,high,paved,1178.0,23.82,81637.6
rural,1702.66,forest,underground,flat,low,difficult,1963.0,15.75,281517.9
suburban,1735.92,mountain,overhead,moderate,medium,unpaved,1488.0,14.88,98998.12
rural,1419.64,desert,overhead,steep,low,paved,4599.0,4.11,75162.48
urban,1675.66,forest,underground,steep,high,difficult,3946.0,4.38,349747.75
rural,1397.97,plain,overhead,steep,low,unpaved,3576.0,7.12,61710.28
suburban,1363.48,mountain,underground,steep,high,difficult,1924.0,3.71,384203.76
suburban,1241.04,desert,underground,moderate,high,paved,1410.0,19.35,190053.56
suburban,1507.91,forest,underground,flat,low,unpaved,3928.0,18.91,213487.88
rural,325.62,plain,overhead,steep,medium,unpaved,2686.0,5.99,28911.58
suburban,1762.93,desert,overhead,steep,high,difficult,1593.0,21.39,91429.31
suburban,1744.97,desert,overhead,moderate,low,difficult,3313.0,6.41,61336.63
rural,68.2,mountain,overhead,moderate,high,difficult,777.0,9.63,33279.33
urban,1653.38,desert,underground,steep,medium,unpaved,2035.0,8.48,282302.37
rural,266.45,mountain,underground,flat,low,unpaved,2662.0,11.19,75316.63
suburban,676.89,forest,overhead,flat,low,paved,1251.0,8.6,28809.2
suburban,1489.58,mountain,underground,steep,low,unpaved,4932.0,13.76,460145.03
rural,329.91,plain,underground,moderate,medium,paved,1520.0,11.96,55980.55
urban,1637.75,mountain,overhead,steep,high,difficult,1174.0,24.7,127218.93
suburban,1665.95,plain,underground,steep,low,difficult,1496.0,4.23,231080.35
suburban,1019.86,mountain,overhead,moderate,high,unpaved,3984.0,6.13,61427.46
suburban,22.71,desert,underground,steep,high,difficult,2472.0,4.16,27117.26
rural,581.21,forest,overhead,steep,medium,difficult,3088.0,16.77,67477.86
suburban,1237.68,plain,underground,steep,low,unpaved,692.0,4.2,186137.74
urban,1962.56,mountain,underground,moderate,high,paved,751.0,21.4,381714.61
suburban,1267.31,mountain,overhead,flat,low,unpaved,2562.0,14.26,63892.69
suburban,527.01,mountain,overhead,flat,low,paved,4193.0,14.59,34225.01
urban,1271.67,desert,overhead,moderate,medium,unpaved,4495.0,15.36,52390.86
suburban,1084.57,desert,overhead,flat,low,unpaved,982.0,6.76,33550.38
rural,1561.89,plain,underground,steep,low,difficult,2969.0,7.35,289808.61
rural,222.89,plain,underground,flat,high,unpaved,4618.0,10.01,40836.93
rural,1524.45,desert,overhead,steep,medium,unpaved,2307.0,16.06,95960.07
urban,1087.12,plain,underground,flat,low,paved,4250.0,7.62,83151.73
suburban,1926.35,forest,overhead,moderate,high,difficult,1188.0,5.56,88149.9
rural,690.33,forest,overhead,flat,medium,paved,4716.0,24.34,50220.95
urban,1268.92,desert,underground,flat,medium,paved,3906.0,3.48,133625.94
suburban,1864.74,plain,underground,flat,high,difficult,4742.0,20.66,191747.98
urban,213.99,mountain,overhead,moderate,high,difficult,3577.0,20.34,40195.05
rural,1875.08,forest,overhead,flat,high,difficult,2199.0,9.54,85695.52
rural,1378.89,desert,overhead,moderate,high,unpaved,4728.0,5.98,68029.91
rural,145.0,plain,underground,steep,high,difficult,1812.0,6.2,52653.99
urban,608.92,desert,underground,flat,low,difficult,2062.0,18.34,75429.8
urban,1419.26,mountain,underground,moderate,low,difficult,3684.0,17.14,289666.92
rural,144.03,forest,underground,moderate,medium,paved,3967.0,20.22,57579.79
urban,1168.52,desert,overhead,flat,low,paved,4689.0,23.62,41958.4
rural,698.31,desert,overhead,steep,low,unpaved,1501.0,18.22,52392.52
rural,1245.62,desert,overhead,moderate,low,paved,4111.0,6.43,53879.98
suburban,101.03,mountain,overhead,flat,high,unpaved,3850.0,8.36,24415.68
urban,1744.36,desert,overhead,steep,medium,paved,881.0,21.53,67382.9
rural,1947.24,mountain,overhead,moderate,medium,difficult,2304.0,7.6,125883.35
rural,1938.07,mountain,underground,moderate,medium,paved,1844.0,4.6,510060.18
urban,1501.81,mountain,underground,steep,medium,unpaved,1940.0,18.47,387143.57
suburban,268.87,forest,overhead,steep,low,paved,4925.0,11.86,33460.09
suburban,1518.94,forest,overhead,flat,low,difficult,3428.0,23.24,76785.59
rural,58.93,desert,underground,flat,high,unpaved,3758.0,17.31,32901.15
urban,54.03,desert,underground,moderate,medium,difficult,4897.0,4.99,23365.69
suburban,653.98,forest,underground,steep,low,difficult,2260.0,23.85,174086.46
urban,982.4,plain,underground,steep,low,unpaved,4128.0,8.69,132347.65
urban,1543.11,forest,overhead,steep,high,difficult,2512.0,10.42,86648.39
rural,1369.76,mountain,overhead,moderate,high,difficult,4426.0,11.85,102622.73
suburban,897.35,forest,overhead,steep,high,paved,1395.0,4.13,65239.78
rural,554.52,mountain,overhead,steep,low,difficult,4770.0,13.92,80792.47
suburban,1994.28,desert,overhead,moderate,low,difficult,1563.0,5.71,67864.92
suburban,858.1,plain,underground,flat,high,difficult,2035.0,11.82,83220.85
suburban,908.26,desert,overhead,flat,medium,difficult,3927.0,10.72,37925.16
suburban,335.61,mountain,underground,moderate,high,unpaved,2333.0,20.0,118032.9
suburban,1591.67,mountain,overhead,steep,high,paved,3276.0,20.67,128854.28
urban,1390.43,mountain,overhead,moderate,high,difficult,2556.0,6.38,78739.82
rural,449.33,plain,overhead,flat,high,difficult,3866.0,11.06,34002.75
urban,173.94,forest,overhead,flat,low,unpaved,1605.0,11.21,16841.85
suburban,1364.19,desert,overhead,moderate,medium,difficult,857.0,6.33,50700.6
rural,1312.48,desert,underground,moderate,high,unpaved,1920.0,20.57,214702.36
suburban,553.79,forest,underground,flat,medium,paved,2687.0,18.56,99315.62
rural,1902.22,desert,underground,moderate,medium,paved,1339.0,7.19,312733.74
urban,310.61,plain,overhead,flat,medium,difficult,2161.0,11.07,19227.87
rural,870.35,desert,overhead,moderate,high,difficult,2360.0,5.33,48033.48
rural,1887.8,mountain,underground,moderate,low,difficult,853.0,16.82,500953.02
rural,845.26,forest,overhead,moderate,high,unpaved,3167.0,5.67,56896.25
rural,1280.67,plain,overhead,flat,medium,difficult,4491.0,24.69,51390.6
rural,801.21,forest,underground,moderate,medium,difficult,1268.0,20.18,182706.04
suburban,555.69,plain,overhead,flat,low,paved,3230.0,11.59,19763.69
rural,1968.12,mountain,underground,flat,high,difficult,3525.0,15.73,434802.77
rural,824.57,forest,overhead,moderate,medium,paved,2445.0,23.05,58293.99
urban,1789.26,desert,underground,moderate,low,difficult,3685.0,15.19,226234.54
rural,467.61,plain,overhead,flat,medium,paved,2407.0,6.84,20631.18
urban,434.08,forest,overhead,flat,low,difficult,2820.0,11.33,26780.51
suburban,71.96,desert,underground,steep,low,paved,632.0,21.55,38307.57
rural,1306.82,forest,overhead,flat,high,unpaved,3644.0,17.17,71633.86
urban,743.37,forest,overhead,steep,medium,paved,3510.0,17.32,53457.25
urban,1730.07,forest,underground,steep,high,paved,769.0,22.07,344099.96
suburban,951.69,plain,overhead,steep,medium,paved,2220.0,22.67,49874.74
rural,1936.7,desert,underground,moderate,high,difficult,4908.0,23.24,356214.7
rural,379.2,mountain,overhead,moderate,medium,difficult,2451.0,5.09,41650.97
urban,1738.56,plain,overhead,flat,high,difficult,2809.0,14.97,42048.03
rural,1555.43,plain,overhead,steep,low,unpaved,4604.0,19.29,81218.47
urban,1544.13,plain,overhead,moderate,medium,unpaved,3756.0,19.65,41625.05
rural,1691.12,mountain,underground,moderate,medium,paved,3161.0,16.35,443296.17
urban,1524.44,desert,overhead,moderate,low,unpaved,4110.0,6.67,47870.87
rural,1256.18,desert,underground,moderate,high,paved,4403.0,20.54,220917.48
suburban,271.18,desert,overhead,moderate,medium,paved,2610.0,18.84,24637.27
rural,74.73,forest,overhead,steep,medium,paved,2690.0,4.89,21341.91
rural,1842.49,forest,overhead,steep,high,unpaved,2299.0,13.2,138468.24
suburban,1237.13,forest,overhead,steep,low,difficult,4854.0,6.83,74337.47
rural,1595.11,mountain,underground,steep,high,unpaved,3668.0,10.42,657715.72
suburban,968.23,forest,underground,flat,high,paved,966.0,3.4,141111.53
rural,243.44,mountain,underground,steep,high,paved,4397.0,11.81,114761.68
urban,259.12,desert,underground,moderate,medium,unpaved,2714.0,15.1,46079.23
urban,1374.27,forest,overhead,steep,low,paved,903.0,16.63,74571.54
rural,866.31,forest,underground,flat,low,paved,3019.0,17.6,161701.14
rural,409.04,plain,underground,moderate,high,unpaved,2436.0,21.4,79442.12
rural,988.27,mountain,overhead,steep,medium,unpaved,4462.0,7.74,91764.82
urban,137.78,desert,overhead,steep,high,unpaved,1498.0,5.65,21702.89
rural,1168.12,plain,overhead,steep,medium,paved,4236.0,21.73,59330.8
urban,545.3,plain,overhead,moderate,medium,paved,3054.0,6.45,17565.45
suburban,1597.14,desert,underground,moderate,medium,difficult,840.0,24.44,234614.88
urban,627.62,plain,underground,flat,medium,difficult,4876.0,21.54,64977.55
urban,915.89,mountain,overhead,moderate,low,unpaved,2856.0,14.02,51514.19
suburban,33.12,mountain,overhead,moderate,medium,difficult,1880.0,24.59,40312.41
urban,154.17,forest,overhead,steep,medium,paved,2665.0,5.14,22694.97
rural,791.06,plain,underground,moderate,high,difficult,4375.0,9.67,121209.9
rural,965.08,forest,underground,steep,high,paved,1942.0,17.04,269867.11
urban,1204.04,plain,overhead,steep,low,unpaved,1448.0,10.7,39893.58
rural,590.41,mountain,overhead,moderate,high,unpaved,1168.0,23.42,70356.82
urban,1393.01,mountain,underground,flat,medium,paved,1911.0,4.44,213809.89
rural,1721.64,mountain,overhead,flat,high,difficult,4032.0,15.09,103169.02
rural,1561.9,plain,overhead,moderate,low,unpaved,2675.0,16.0,53494.21
urban,88.84,mountain,underground,flat,high,unpaved,1601.0,17.36,38288.11
rural,966.21,plain,overhead,steep,high,difficult,1331.0,8.62,55330.06
urban,218.81,forest,underground,steep,low,difficult,2064.0,11.02,64350.82
rural,491.67,plain,overhead,moderate,low,paved,4736.0,21.56,31217.17
rural,1973.46,forest,overhead,flat,medium,difficult,2109.0,7.29,82066.0
suburban,293.57,plain,underground,flat,high,difficult,4948.0,21.19,53236.03
suburban,1002.79,forest,underground,steep,medium,difficult,2735.0,15.38,239838.74
urban,1240.13,mountain,overhead,moderate,high,paved,1388.0,19.77,67804.48
suburban,1407.91,forest,underground,flat,high,paved,4521.0,18.7,223570.5
urban,1123.7,mountain,overhead,moderate,medium,unpaved,2626.0,7.57,56025.63
suburban,29.44,mountain,overhead,flat,high,paved,3723.0,15.51,27923.15
rural,659.66,forest,underground,steep,high,unpaved,4928.0,22.09,196008.45
urban,1040.25,plain,overhead,steep,high,difficult,821.0,12.51,50999.02
urban,184.85,plain,overhead,moderate,low,unpaved,1025.0,24.26,18269.66
rural,707.75,desert,underground,steep,medium,unpaved,3770.0,12.95,166962.91
urban,76.07,plain,underground,flat,low,difficult,1840.0,6.14,14787.31
urban,166.37,desert,overhead,steep,medium,unpaved,1411.0,11.57,25307.14
suburban,799.88,plain,underground,moderate,medium,paved,773.0,23.94,96047.28
urban,274.1,plain,underground,moderate,high,paved,696.0,10.03,37593.4
rural,1139.41,mountain,underground,moderate,medium,paved,4008.0,22.1,287280.38
suburban,1382.04,desert,underground,flat,low,paved,1192.0,22.39,167099.2
suburban,1603.17,plain,overhead,flat,low,unpaved,2658.0,10.7,37198.13
rural,408.3,desert,overhead,flat,low,unpaved,3266.0,4.83,23178.18
rural,343.29,mountain,overhead,flat,medium,difficult,2485.0,18.94,43684.63
suburban,218.09,mountain,underground,flat,low,unpaved,719.0,9.85,49136.56
urban,1276.5,desert,underground,steep,medium,unpaved,4047.0,20.22,229068.25
suburban,1415.89,mountain,underground,flat,low,unpaved,646.0,12.74,274928.82
rural,72.86,forest,underground,flat,low,difficult,3952.0,13.68,31906.07
suburban,1873.06,forest,underground,steep,medium,paved,4531.0,20.11,468994.26
rural,113.42,mountain,underground,flat,low,unpaved,2504.0,11.41,44640.76
suburban,1087.18,forest,underground,moderate,high,difficult,2956.0,12.75,219443.32
urban,1421.03,plain,overhead,flat,medium,difficult,2699.0,11.28,35921.11
suburban,1743.23,desert,overhead,flat,medium,difficult,2313.0,11.08,49552.15
suburban,1431.03,plain,underground,moderate,medium,paved,4505.0,14.57,161797.76
rural,1605.44,desert,underground,moderate,high,unpaved,4533.0,20.79,309493.03
rural,685.51,mountain,underground,moderate,medium,difficult,2078.0,10.96,192889.91
rural,1631.5,plain,overhead,moderate,low,paved,3306.0,14.53,54062.48
suburban,169.43,mountain,overhead,flat,low,difficult,4678.0,17.76,31555.75
urban,1790.69,mountain,underground,moderate,low,difficult,4833.0,8.93,293160.28
rural,1099.71,desert,underground,moderate,medium,difficult,2839.0,9.11,217872.83
rural,1636.42,desert,overhead,steep,low,difficult,2592.0,23.54,101768.36
suburban,910.11,desert,overhead,moderate,medium,difficult,1826.0,18.92,49180.77
rural,1290.72,plain,overhead,moderate,low,paved,4819.0,15.7,47679.9
urban,1057.54,forest,overhead,steep,high,unpaved,1228.0,17.25,75094.3
urban,1465.86,desert,underground,steep,high,unpaved,3151.0,3.64,252284.66
rural,172.44,desert,overhead,flat,high,unpaved,1843.0,16.6,28315.42
rural,130.1,plain,overhead,steep,high,unpaved,1828.0,14.21,28711.1
suburban,501.74,desert,underground,flat,medium,paved,2382.0,15.01,74002.32
urban,327.49,plain,overhead,steep,low,paved,4995.0,10.91,18482.49
urban,1744.85,mountain,overhead,steep,high,paved,842.0,4.79,108777.44
rural,446.24,desert,overhead,flat,medium,difficult,3146.0,7.25,28517.21
suburban,1951.97,desert,underground,steep,high,difficult,963.0,23.92,410704.43
urban,680.42,mountain,overhead,flat,high,difficult,1280.0,11.99,46116.41
urban,372.41,mountain,underground,steep,medium,unpaved,2534.0,13.27,120750.48
suburban,1581.5,mountain,underground,moderate,medium,difficult,2846.0,4.16,348942.31
suburban,1320.83,desert,overhead,steep,low,unpaved,1739.0,3.83,54453.22
urban,1001.41,forest,overhead,flat,low,difficult,1992.0,18.78,41478.12
urban,1115.17,forest,overhead,steep,high,unpaved,983.0,14.84,73272.91
suburban,1441.21,forest,overhead,flat,high,difficult,1934.0,14.19,66144.86
urban,464.62,desert,underground,flat,low,difficult,4853.0,8.35,62889.93
rural,1992.7,mountain,overhead,moderate,low,paved,4757.0,19.38,135100.54
rural,1949.84,desert,overhead,moderate,medium,difficult,2073.0,6.7,78851.21
suburban,1304.15,mountain,overhead,flat,low,difficult,3112.0,7.18,60398.49
suburban,407.09,desert,underground,steep,low,paved,4602.0,13.14,92408.2
suburban,1363.65,desert,overhead,flat,high,unpaved,627.0,9.3,42489.42
rural,153.67,mountain,overhead,flat,low,paved,4167.0,8.44,26041.68
urban,71.0,forest,underground,steep,high,paved,4773.0,17.2,44873.78
rural,522.79,mountain,underground,steep,low,unpaved,1002.0,17.32,227530.39
urban,930.62,plain,overhead,steep,medium,difficult,1310.0,21.14,41385.58
rural,1737.86,plain,overhead,steep,low,unpaved,4827.0,12.19,82022.31
urban,1457.07,mountain,overhead,flat,low,difficult,2965.0,4.61,64981.9
rural,1487.99,desert,overhead,flat,low,difficult,662.0,9.02,52150.74
suburban,856.73,plain,overhead,moderate,high,unpaved,1734.0,24.56,43006.18
rural,698.41,plain,underground,flat,medium,paved,2580.0,16.12,88097.31
urban,748.37,desert,underground,steep,low,unpaved,3649.0,18.61,127274.15
rural,1975.42,desert,overhead,moderate,high,difficult,3826.0,3.16,88889.38
rural,89.82,forest,overhead,steep,medium,unpaved,4980.0,14.4,39119.21
rural,1735.39,desert,underground,flat,high,unpaved,1865.0,3.83,246232.25
suburban,1161.56,mountain,overhead,moderate,high,difficult,2968.0,15.52,86998.2
rural,882.84,mountain,overhead,steep,medium,paved,2947.0,23.26,98997.49
suburban,1453.26,forest,overhead,moderate,low,unpaved,2385.0,24.31,68051.42
suburban,978.47,plain,overhead,moderate,high,difficult,1344.0,14.89,43023.72
rural,1748.11,plain,overhead,flat,high,difficult,4901.0,13.08,60431.18
rural,1802.4,desert,underground,steep,low,unpaved,4355.0,23.79,411546.9
rural,849.22,mountain,overhead,moderate,low,paved,2793.0,17.82,75163.45
urban,560.89,plain,overhead,moderate,medium,unpaved,3254.0,4.43,21472.35
rural,1188.78,forest,overhead,steep,medium,paved,1600.0,13.25,96158.83
suburban,1825.6,forest,underground,moderate,medium,paved,2993.0,8.29,316467.93
rural,429.22,mountain,underground,moderate,low,paved,3658.0,13.34,137536.84
urban,1249.7,forest,underground,moderate,high,paved,2867.0,13.02,197157.05
rural,1266.8,forest,underground,steep,high,unpaved,4957.0,15.81,418188.54
urban,1468.89,mountain,overhead,steep,medium,difficult,3290.0,10.85,95138.02
urban,271.82,desert,underground,steep,low,difficult,2232.0,6.61,64533.23
rural,1434.49,desert,overhead,steep,high,difficult,3997.0,14.08,97364.76
suburban,1818.97,forest,overhead,flat,medium,difficult,1350.0,21.26,69969.14
urban,367.57,desert,underground,moderate,high,difficult,2292.0,17.61,73262.84
rural,482.71,desert,underground,steep,high,difficult,2127.0,10.44,136702.57
rural,1943.08,forest,underground,moderate,low,unpaved,2500.0,23.58,439494.02
suburban,370.14,desert,underground,moderate,low,paved,4040.0,23.07,73880.57
urban,1710.23,forest,underground,flat,high,difficult,2730.0,7.61,230371.13
urban,989.63,plain,overhead,steep,medium,unpaved,4094.0,3.87,35374.79
rural,501.99,mountain,underground,steep,low,difficult,3137.0,19.31,224574.25
rural,1742.79,mountain,underground,moderate,high,difficult,2105.0,21.21,483211.55
suburban,896.16,desert,underground,steep,low,paved,4164.0,24.29,193889.86
suburban,1034.49,desert,overhead,moderate,low,paved,1648.0,22.58,41220.32
urban,724.87,desert,underground,moderate,low,paved,1587.0,16.21,100058.38
urban,1189.97,mountain,overhead,flat,high,difficult,2820.0,14.66,61381.26
rural,335.41,plain,underground,flat,medium,difficult,1748.0,3.61,52844.29
urban,788.25,plain,underground,flat,medium,difficult,640.0,8.43,74208.92
suburban,1939.13,mountain,overhead,moderate,medium,paved,3453.0,13.11,104885.57
suburban,523.69,plain,underground,steep,low,unpaved,2849.0,16.83,92189.99
rural,1316.91,mountain,overhead,flat,high,difficult,2560.0,15.26,84849.76
suburban,657.13,plain,overhead,steep,low,difficult,4855.0,19.34,44607.31
suburban,1549.21,forest,overhead,flat,medium,difficult,3113.0,9.15,68050.5
suburban,270.44,forest,underground,flat,medium,unpaved,4399.0,15.43,58687.6
suburban,1939.94,mountain,underground,moderate,high,difficult,1214.0,4.94,459923.93
rural,913.04,plain,underground,flat,low,unpaved,3105.0,12.1,105124.65
rural,479.74,desert,overhead,flat,medium,difficult,4419.0,19.5,36884.33
urban,156.26,plain,underground,moderate,high,unpaved,3166.0,18.25,34388.06
suburban,347.82,forest,overhead,steep,low,difficult,3759.0,24.79,53610.53
urban,1044.35,forest,underground,flat,low,paved,2237.0,9.11,132943.52
rural,680.64,plain,overhead,moderate,medium,paved,1007.0,13.96,33098.0
rural,1659.48,plain,overhead,flat,medium,paved,2615.0,10.25,47883.76
rural,867.47,desert,overhead,moderate,low,paved,2336.0,12.69,42235.71
rural,504.94,desert,underground,steep,low,difficult,4415.0,21.85,148569.84
rural,1238.12,plain,overhead,steep,medium,paved,1674.0,18.05,66543.1
rural,1416.49,plain,overhead,moderate,low,unpaved,4854.0,22.41,56438.55
rural,342.41,plain,overhead,moderate,medium,paved,4816.0,7.48,23633.06
suburban,343.56,plain,overhead,moderate,low,paved,1690.0,22.21,19996.99
urban,82.98,mountain,overhead,steep,medium,paved,2131.0,4.31,21788.9
rural,1475.44,plain,overhead,flat,high,difficult,4540.0,22.55,55006.43
suburban,1330.97,desert,underground,steep,medium,paved,4853.0,10.24,243842.44
suburban,954.52,forest,underground,moderate,medium,unpaved,2551.0,9.92,170969.75
urban,1689.9,mountain,overhead,moderate,high,paved,2012.0,14.27,82248.4
rural,1613.28,plain,underground,steep,low,paved,2915.0,23.7,287045.66
urban,1174.86,forest,underground,moderate,high,paved,3626.0,4.05,184093.21
rural,1737.86,mountain,overhead,steep,medium,unpaved,1803.0,10.75,155833.36
suburban,419.62,forest,overhead,moderate,low,paved,3840.0,21.84,36319.31
suburban,232.72,plain,overhead,flat,high,unpaved,827.0,11.71,18800.27
suburban,546.8,plain,underground,flat,low,unpaved,817.0,7.38,58205.69
suburban,123.6,desert,overhead,moderate,low,paved,2300.0,12.35,15811.62
urban,1067.03,plain,underground,steep,high,unpaved,2155.0,11.48,147498.03
rural,1873.85,plain,overhead,flat,low,difficult,1989.0,23.14,60075.6
rural,88.29,mountain,underground,steep,high,paved,2760.0,19.76,78826.74
urban,253.0,desert,overhead,moderate,medium,paved,2011.0,14.11,21843.5
rural,909.88,mountain,overhead,steep,low,unpaved,1446.0,24.74,112698.8
suburban,1868.41,forest,underground,flat,medium,unpaved,1962.0,13.24,263777.01
rural,639.15,plain,underground,steep,medium,paved,4890.0,4.28,135199.5
suburban,1019.4,forest,underground,steep,low,difficult,2409.0,8.77,249768.63
urban,92.73,mountain,underground,moderate,high,unpaved,2557.0,12.59,42422.28
rural,305.2,plain,underground,moderate,low,unpaved,3137.0,6.45,52216.64
urban,1973.39,plain,underground,moderate,medium,difficult,4927.0,23.85,201738.72
rural,1930.59,mountain,overhead,flat,medium,difficult,1663.0,19.87,116283.26
suburban,19.83,mountain,underground,flat,high,paved,3598.0,8.9,28410.09
urban,1904.11,mountain,overhead,moderate,low,difficult,3750.0,16.0,92353.17
rural,1281.85,mountain,overhead,moderate,medium,paved,3272.0,18.87,96289.59
suburban,1737.16,mountain,underground,flat,medium,difficult,990.0,23.71,332339.09
urban,914.93,plain,overhead,flat,medium,unpaved,3578.0,22.4,30798.02
urban,1036.04,mountain,underground,flat,high,paved,882.0,14.33,164080.47
rural,982.8,plain,underground,flat,medium,paved,3223.0,20.04,108137.95
rural,1337.06,plain,overhead,moderate,medium,paved,3854.0,15.37,49411.66
rural,287.91,mountain,overhead,flat,low,difficult,1528.0,15.16,35345.66
suburban,69.65,mountain,underground,moderate,low,unpaved,4303.0,5.52,30265.88
rural,622.78,desert,underground,steep,medium,paved,734.0,5.78,156498.78
urban,1412.31,plain,overhead,steep,medium,paved,4313.0,14.65,48139.85
urban,411.69,mountain,overhead,flat,low,paved,2625.0,8.91,23227.93
rural,1350.13,mountain,overhead,steep,high,paved,1557.0,3.46,117005.73
rural,1940.12,mountain,overhead,steep,high,unpaved,1189.0,18.9,186005.87
urban,196.86,desert,underground,steep,high,difficult,4795.0,3.71,48660.06
suburban,1348.48,desert,underground,flat,high,unpaved,920.0,16.1,178910.42
rural,893.06,forest,underground,flat,high,paved,1476.0,14.86,181610.2
rural,1737.6,plain,underground,steep,high,unpaved,2130.0,24.31,340023.49
urban,362.53,forest,overhead,moderate,high,paved,3329.0,13.65,34723.27
rural,1388.33,mountain,overhead,steep,high,difficult,2997.0,4.4,139480.39
suburban,1677.85,desert,underground,flat,low,difficult,1153.0,15.14,200838.62
urban,1889.78,desert,underground,flat,high,difficult,1875.0,21.5,210122.68
rural,1369.66,forest,underground,flat,high,paved,1651.0,24.93,255959.26
urban,999.38,desert,underground,steep,high,unpaved,1540.0,12.47,179210.19
rural,1239.52,mountain,underground,moderate,medium,difficult,2409.0,10.05,366887.32
rural,1739.12,desert,underground,flat,low,paved,3698.0,22.95,239928.85
rural,1145.51,forest,underground,flat,low,paved,1557.0,7.21,195971.34
suburban,70.47,mountain,underground,steep,low,unpaved,2213.0,16.54,54892.35
suburban,1862.59,forest,underground,moderate,high,difficult,2320.0,11.93,352745.82
urban,1382.16,desert,overhead,steep,high,paved,4896.0,3.9,60135.47
rural,1356.26,forest,underground,flat,medium,unpaved,4801.0,10.64,258722.35
rural,439.19,forest,overhead,moderate,low,difficult,4121.0,8.84,40130.32
suburban,1321.18,plain,overhead,moderate,high,unpaved,1663.0,18.09,51935.03
rural,793.79,desert,underground,flat,low,unpaved,899.0,23.87,129276.74
suburban,1305.95,desert,underground,moderate,medium,paved,1994.0,8.9,199095.53
rural,222.12,forest,overhead,moderate,medium,paved,1774.0,20.85,42139.15
urban,1319.11,plain,overhead,steep,medium,paved,2826.0,4.22,43664.19
rural,1998.83,desert,underground,flat,low,unpaved,4022.0,14.84,290628.7
rural,105.94,mountain,overhead,flat,high,paved,4377.0,4.55,26795.82
suburban,1954.58,forest,underground,flat,high,unpaved,4317.0,23.55,293449.88
rural,819.75,desert,underground,flat,medium,unpaved,2183.0,19.86,149204.77
rural,1742.8,mountain,underground,flat,high,paved,3624.0,17.47,401461.02
suburban,1566.95,desert,overhead,moderate,medium,difficult,1976.0,21.13,65993.59
urban,1138.36,mountain,overhead,steep,low,difficult,868.0,17.25,82148.78
urban,1479.51,forest,underground,flat,medium,difficult,3687.0,24.32,213986.12
suburban,1758.25,desert,overhead,steep,low,unpaved,643.0,18.71,89215.24
suburban,814.24,desert,overhead,steep,medium,unpaved,2400.0,23.34,56890.85
suburban,660.8,plain,overhead,moderate,high,unpaved,2049.0,14.38,34254.8
suburban,1338.51,forest,overhead,flat,high,paved,3651.0,5.58,50265.26
suburban,1617.61,mountain,overhead,moderate,medium,unpaved,3971.0,14.62,94203.48
urban,1526.95,desert,overhead,flat,high,paved,1938.0,5.79,44896.92
urban,1597.65,desert,overhead,moderate,high,paved,4171.0,16.03,63662.04
suburban,876.81,mountain,underground,steep,high,difficult,1893.0,13.61,269705.79
rural,1637.49,forest,overhead,flat,low,difficult,2564.0,16.7,73708.75
suburban,249.22,plain,overhead,steep,high,difficult,3799.0,3.22,26341.21
rural,1093.53,plain,overhead,steep,low,paved,3649.0,7.29,46829.97
suburban,21.46,desert,overhead,moderate,medium,paved,4944.0,13.81,19591.15
suburban,655.93,mountain,overhead,flat,high,paved,1591.0,23.91,57991.09
urban,739.26,desert,overhead,steep,high,unpaved,3514.0,11.44,47447.86
rural,798.38,mountain,overhead,moderate,high,paved,3283.0,12.34,75754.41
rural,1393.98,plain,overhead,flat,medium,difficult,4626.0,18.72,50989.84
urban,783.23,forest,underground,flat,low,difficult,1288.0,16.28,111216.3
urban,902.9,mountain,overhead,steep,low,paved,3908.0,9.58,63019.33
urban,482.71,plain,overhead,flat,high,paved,3100.0,12.04,22054.6
urban,752.77,desert,overhead,steep,medium,difficult,1809.0,7.79,39202.9
rural,462.27,mountain,overhead,flat,medium,paved,2688.0,24.25,52718.5
rural,155.66,forest,underground,moderate,medium,difficult,2069.0,5.87,52110.8
suburban,1210.86,desert,underground,steep,medium,unpaved,3149.0,11.18,246872.2
suburban,1339.74,desert,underground,steep,medium,difficult,4512.0,3.57,260555.24
urban,1242.79,plain,underground,flat,low,unpaved,3105.0,7.88,100798.41
urban,932.35,mountain,underground,flat,low,paved,3380.0,20.17,152690.9
urban,765.77,desert,underground,steep,low,paved,2882.0,7.43,132251.08
suburban,1728.03,forest,underground,flat,high,unpaved,825.0,4.76,264961.61
suburban,1042.97,mountain,underground,moderate,medium,paved,1625.0,13.44,224973.44
suburban,963.57,forest,underground,flat,high,unpaved,2765.0,3.22,150809.12
suburban,61.03,desert,underground,moderate,medium,paved,1965.0,4.86,19923.54
suburban,689.08,forest,underground,moderate,low,difficult,1400.0,20.77,134677.21
suburban,766.59,plain,underground,moderate,high,paved,2818.0,19.97,97215.69
suburban,803.66,forest,underground,moderate,low,difficult,2020.0,23.13,162394.32
urban,1164.54,mountain,underground,moderate,medium,difficult,1736.0,21.8,226758.45
urban,1071.87,forest,underground,flat,medium,unpaved,2642.0,18.03,149978.32
urban,1219.73,forest,underground,moderate,medium,paved,1186.0,4.15,178519.23
urban,1532.12,plain,overhead,flat,low,unpaved,4682.0,20.22,37796.88
suburban,1627.84,forest,underground,moderate,medium,paved,4418.0,21.6,329719.94
rural,1439.06,forest,overhead,steep,low,difficult,3714.0,20.58,111582.08
suburban,1911.49,desert,underground,moderate,high,difficult,1067.0,14.19,289780.93
rural,46.28,desert,underground,steep,medium,paved,4014.0,8.12,29341.69
urban,399.6,mountain,overhead,moderate,medium,paved,4155.0,21.6,43884.14
suburban,25.05,desert,underground,moderate,medium,unpaved,3978.0,19.0,23386.65
urban,1298.47,desert,overhead,moderate,high,paved,1101.0,24.58,55417.34
suburban,1797.08,desert,overhead,steep,medium,paved,3433.0,6.43,76969.59
urban,494.53,desert,overhead,steep,low,paved,4271.0,7.96,28476.97
rural,1854.8,plain,underground,moderate,low,unpaved,3140.0,7.66,233010.37
rural,129.93,desert,underground,flat,medium,paved,3444.0,20.44,40161.96
rural,1869.53,plain,underground,moderate,medium,difficult,2617.0,7.11,241926.72
suburban,709.73,plain,overhead,steep,high,unpaved,2926.0,4.47,38573.16
rural,211.83,desert,overhead,moderate,high,unpaved,751.0,24.97,38060.07
suburban,976.88,forest,underground,steep,high,difficult,3411.0,3.55,239487.07
rural,520.99,plain,underground,steep,medium,difficult,958.0,21.38,116946.62
rural,576.9,forest,underground,steep,high,difficult,2514.0,11.04,183192.73
suburban,621.51,forest,underground,moderate,high,paved,1888.0,21.52,133127.0
suburban,1608.02,desert,underground,steep,low,difficult,3000.0,15.2,336480.06
rural,1082.93,mountain,overhead,steep,high,paved,1187.0,22.84,119654.35
suburban,629.5,desert,overhead,moderate,low,unpaved,3643.0,23.38,40464.22
rural,1224.56,mountain,overhead,steep,low,unpaved,4098.0,3.2,111339.46
suburban,1435.14,mountain,underground,moderate,high,difficult,1319.0,4.66,308256.61
urban,552.52,desert,overhead,steep,low,paved,1059.0,8.51,27184.19
urban,832.96,desert,overhead,flat,medium,difficult,1240.0,17.72,35199.17
urban,252.55,mountain,overhead,flat,medium,difficult,4459.0,22.54,35337.07
urban,370.49,desert,overhead,steep,high,paved,2924.0,13.12,37665.72
urban,1365.42,mountain,overhead,flat,medium,difficult,2656.0,16.35,65216.06
rural,371.06,forest,underground,moderate,low,unpaved,1070.0,7.15,87031.56
urban,1055.08,desert,overhead,flat,medium,difficult,3458.0,20.71,38911.89
urban,1421.0,forest,underground,steep,high,paved,4419.0,24.28,325174.67
urban,222.69,plain,underground,steep,high,paved,4244.0,8.91,43637.73
urban,1138.95,forest,underground,moderate,low,unpaved,3355.0,13.89,181341.27
suburban,520.56,forest,underground,steep,high,paved,931.0,4.89,142038.55
rural,1926.22,mountain,underground,moderate,medium,paved,1095.0,15.3,501514.8
urban,972.26,forest,overhead,flat,high,unpaved,817.0,14.06,43691.45
urban,1613.93,desert,overhead,flat,low,difficult,1733.0,6.18,43111.52
urban,1104.95,mountain,underground,moderate,high,unpaved,1197.0,12.73,232017.19
rural,96.39,plain,underground,moderate,medium,difficult,1744.0,10.35,31168.12
suburban,1269.97,desert,underground,steep,low,unpaved,2294.0,14.48,245317.09
rural,1903.29,plain,overhead,flat,medium,difficult,4749.0,15.88,60406.79
suburban,1207.21,forest,underground,moderate,low,unpaved,3286.0,3.19,207854.42
urban,1640.19,desert,overhead,flat,high,difficult,4274.0,19.74,52992.55
urban,1769.57,desert,underground,moderate,low,unpaved,3726.0,18.69,226710.67
rural,463.88,plain,overhead,flat,low,difficult,1095.0,11.06,25869.4
rural,431.97,desert,underground,steep,high,unpaved,3838.0,4.16,111959.56
suburban,1225.85,desert,overhead,flat,medium,paved,1810.0,19.61,42466.97
suburban,827.95,desert,underground,flat,high,difficult,3412.0,24.01,116014.03
rural,1681.32,forest,overhead,flat,low,unpaved,2100.0,8.28,73913.22
suburban,1801.05,plain,overhead,flat,high,difficult,4990.0,10.12,53169.61
rural,713.31,desert,overhead,flat,low,difficult,1760.0,7.04,33888.32
suburban,481.37,mountain,overhead,steep,high,unpaved,1828.0,15.69,61396.72
rural,1563.25,mountain,overhead,moderate,high,difficult,4695.0,6.41,109677.08
rural,556.86,mountain,overhead,flat,medium,unpaved,708.0,10.84,41705.41
rural,1647.0,mountain,overhead,steep,low,paved,3665.0,18.33,151672.51
suburban,853.24,forest,underground,flat,medium,difficult,3791.0,15.32,146748.49
suburban,1338.42,desert,underground,flat,low,paved,4280.0,11.5,151728.97
suburban,200.12,plain,underground,moderate,high,difficult,4888.0,12.25,40504.11
rural,1251.48,desert,underground,flat,low,difficult,4893.0,15.37,206756.29
suburban,909.02,forest,underground,steep,medium,difficult,887.0,3.13,213028.55
suburban,1177.35,mountain,overhead,steep,medium,unpaved,4216.0,4.73,92318.29
rural,344.35,forest,overhead,moderate,medium,paved,3444.0,22.39,43882.91
urban,1476.38,desert,overhead,flat,low,difficult,3448.0,4.71,40421.74
rural,1726.97,plain,overhead,steep,medium,unpaved,1165.0,18.55,83586.79
suburban,441.31,forest,overhead,flat,medium,difficult,3461.0,23.24,37524.3
rural,200.47,plain,underground,flat,medium,unpaved,4923.0,8.96,35707.13
urban,57.04,forest,underground,flat,high,difficult,4612.0,11.15,30215.73
rural,1287.52,plain,underground,moderate,high,paved,2532.0,15.52,171248.32
suburban,1218.12,plain,underground,flat,low,paved,776.0,22.4,118595.65
urban,1097.93,mountain,overhead,steep,low,difficult,2194.0,23.72,89476.91
suburban,471.57,plain,overhead,flat,medium,unpaved,4236.0,19.27,24159.82
urban,787.9,mountain,overhead,steep,high,difficult,3687.0,4.91,61510.46
urban,1193.01,desert,underground,flat,medium,unpaved,2621.0,17.72,142978.44
rural,998.57,desert,overhead,steep,medium,difficult,842.0,12.03,73361.92
rural,1975.69,mountain,underground,steep,high,unpaved,2478.0,13.36,738946.42
suburban,281.52,mountain,overhead,flat,high,paved,2664.0,4.08,27336.24
rural,1393.34,forest,overhead,flat,high,difficult,4686.0,7.2,65975.58
rural,814.59,forest,underground,steep,low,paved,3421.0,20.39,278088.66
urban,862.12,forest,overhead,moderate,low,paved,1971.0,12.99,38935.87
rural,1438.02,desert,overhead,flat,medium,difficult,2911.0,9.64,56247.39
urban,1387.95,forest,underground,moderate,low,difficult,891.0,11.45,221689.83
urban,1982.6,plain,overhead,flat,high,unpaved,4879.0,21.8,53148.18
urban,265.5,plain,underground,flat,high,unpaved,2184.0,19.48,38304.18
suburban,217.18,forest,overhead,flat,low,paved,2703.0,8.99,18968.17
suburban,1451.43,plain,overhead,flat,medium,unpaved,2163.0,5.59,37417.8
suburban,1160.99,desert,overhead,moderate,medium,unpaved,3603.0,8.54,44493.33
urban,555.58,plain,overhead,flat,low,difficult,3514.0,23.26,23739.93
suburban,168.04,desert,overhead,steep,medium,unpaved,3747.0,15.79,31869.71
suburban,180.46,mountain,overhead,steep,medium,paved,1780.0,14.74,35145.66
rural,1789.44,mountain,overhead,moderate,medium,unpaved,1989.0,16.12,120603.83
suburban,391.82,mountain,overhead,flat,high,paved,1151.0,11.05,33071.24
suburban,653.51,mountain,underground,steep,high,difficult,3484.0,20.76,222143.37
urban,461.05,plain,underground,moderate,low,paved,775.0,14.51,49948.54
urban,716.44,forest,overhead,flat,high,unpaved,3230.0,5.57,34159.35
urban,148.15,plain,overhead,steep,medium,difficult,4427.0,5.84,19809.41
urban,1042.93,desert,underground,steep,high,unpaved,4520.0,14.81,178574.11
urban,144.55,plain,overhead,moderate,low,difficult,2576.0,23.6,22835.17
urban,1602.71,plain,overhead,flat,high,difficult,2621.0,9.78,46781.32
suburban,475.09,desert,underground,flat,medium,unpaved,939.0,22.13,67956.65
urban,1084.62,mountain,overhead,steep,medium,unpaved,3551.0,19.81,93294.44
urban,1761.36,mountain,overhead,steep,low,difficult,4214.0,8.45,106691.32
rural,1305.25,mountain,underground,steep,high,difficult,1676.0,3.8,472479.74
suburban,1070.59,forest,overhead,flat,high,unpaved,2454.0,5.24,47537.0
suburban,655.42,desert,overhead,moderate,high,paved,4291.0,19.03,41006.33
suburban,672.67,desert,underground,moderate,medium,unpaved,4459.0,7.39,111317.97
urban,1342.28,plain,overhead,flat,low,difficult,1670.0,11.17,32019.85
urban,1988.34,forest,underground,moderate,high,unpaved,3023.0,14.04,302786.59
urban,1327.06,mountain,overhead,steep,medium,paved,1447.0,18.96,88545.44
rural,1119.99,forest,overhead,moderate,medium,unpaved,1048.0,5.49,59396.18
urban,1463.99,desert,underground,moderate,medium,difficult,4609.0,11.94,175196.1
rural,935.76,desert,underground,moderate,high,unpaved,4210.0,13.67,179501.74
suburban,129.68,plain,overhead,steep,high,difficult,3944.0,14.9,28952.56
urban,1128.97,plain,underground,flat,high,difficult,815.0,21.0,104475.37
rural,1915.67,desert,underground,steep,high,unpaved,4312.0,6.78,474091.21
rural,358.85,mountain,overhead,flat,high,difficult,2527.0,20.77,56903.42
urban,1383.11,mountain,overhead,flat,high,difficult,2107.0,18.24,70877.99
suburban,409.86,forest,overhead,flat,high,paved,3004.0,15.23,33593.91
suburban,1076.3,desert,underground,moderate,high,paved,1002.0,18.39,183349.02
suburban,202.39,desert,underground,moderate,high,paved,3929.0,12.06,49322.39
rural,906.24,mountain,underground,flat,medium,paved,3163.0,6.04,204461.92
rural,1514.77,mountain,underground,flat,high,difficult,1421.0,17.65,328327.17
rural,701.67,desert,overhead,moderate,low,unpaved,1428.0,14.54,42094.15
rural,1333.17,plain,underground,steep,medium,difficult,1411.0,17.07,260228.19
suburban,1592.95,desert,overhead,flat,high,difficult,851.0,10.44,55018.45
urban,1855.08,desert,underground,steep,low,difficult,3186.0,22.95,320649.4
rural,476.94,mountain,overhead,moderate,high,unpaved,4298.0,15.92,59710.39
rural,804.64,mountain,overhead,flat,low,paved,677.0,4.88,46202.47
suburban,313.31,plain,overhead,steep,low,difficult,816.0,12.9,22935.29
urban,1985.04,plain,underground,steep,low,difficult,3120.0,19.64,255625.84
urban,1854.73,forest,overhead,steep,low,paved,4206.0,20.47,101414.47
suburban,1084.51,desert,overhead,moderate,medium,difficult,2038.0,13.88,48475.67
suburban,1685.65,mountain,underground,moderate,medium,unpaved,2138.0,22.68,382061.43
urban,1046.71,plain,overhead,steep,low,difficult,3224.0,8.89,38776.27
rural,1250.94,forest,underground,steep,high,difficult,1807.0,12.03,379055.23
urban,187.36,forest,underground,moderate,low,paved,717.0,22.77,45712.75
suburban,1512.99,mountain,overhead,steep,medium,difficult,3835.0,22.72,122517.53
rural,264.15,mountain,overhead,steep,high,difficult,3353.0,18.09,73250.07
rural,1653.87,forest,underground,moderate,medium,unpaved,3155.0,21.9,381661.03
suburban,1566.24,plain,overhead,steep,medium,paved,3863.0,4.95,54222.74
suburban,1420.4,forest,underground,steep,high,paved,3571.0,22.03,359427.75
suburban,81.96,desert,underground,steep,low,unpaved,1506.0,10.05,32189.21
urban,613.23,desert,underground,moderate,low,difficult,2151.0,6.92,87980.52
urban,533.59,mountain,overhead,steep,low,paved,1155.0,8.27,40021.34
rural,726.67,plain,underground,moderate,low,paved,1171.0,12.2,108533.49
suburban,184.41,plain,overhead,moderate,high,difficult,3575.0,8.53,24069.05
rural,1874.55,desert,overhead,flat,high,difficult,4378.0,10.05,74456.29
rural,1112.07,forest,overhead,flat,high,paved,4836.0,5.97,65100.85
rural,617.99,mountain,overhead,steep,medium,difficult,3365.0,9.52,77594.65
rural,799.99,forest,underground,moderate,high,paved,1410.0,15.59,185956.91
suburban,899.93,forest,overhead,flat,low,difficult,1065.0,12.72,37735.86
rural,1205.18,forest,underground,steep,medium,difficult,4177.0,10.63,379904.04
suburban,1036.2,plain,underground,flat,low,unpaved,3147.0,19.42,95695.59
suburban,1839.59,desert,overhead,flat,low,difficult,3320.0,22.66,58946.14
urban,998.96,plain,underground,moderate,high,unpaved,4038.0,19.65,109258.5
suburban,1984.39,desert,underground,moderate,high,difficult,3694.0,10.3,311903.38
urban,1704.34,mountain,overhead,flat,low,paved,4272.0,19.38,73633.36
suburban,424.94,mountain,underground,flat,low,paved,847.0,6.34,84331.35
suburban,1861.88,forest,underground,moderate,medium,difficult,3889.0,5.87,332835.56
suburban,241.57,desert,underground,steep,high,difficult,4344.0,10.6,69639.44
urban,1636.72,desert,underground,moderate,medium,paved,1859.0,20.77,210788.08
urban,767.44,desert,overhead,flat,medium,difficult,3418.0,8.42,30970.89
rural,1757.17,forest,underground,steep,medium,unpaved,1982.0,4.39,516662.08
